{
    "loss": [
        38.79369354248047,
        21.151351928710938,
        13.195015907287598,
        10.184369087219238,
        8.598450660705566,
        7.578972339630127,
        6.849621295928955,
        6.3203606605529785,
        5.917664051055908,
        5.701590538024902,
        5.29535436630249,
        5.049197196960449,
        4.806407451629639,
        4.622153282165527,
        4.458851337432861,
        4.287406921386719,
        4.133944511413574,
        4.162412166595459,
        3.9392125606536865,
        3.829576015472412,
        3.7041633129119873,
        3.7656686305999756,
        3.59629487991333,
        3.536496162414551,
        3.499950408935547,
        3.8208203315734863,
        3.29736590385437,
        3.245481491088867,
        3.2668979167938232,
        3.2581734657287598
    ],
    "val_loss": [
        27.54047966003418,
        13.743844032287598,
        9.232565879821777,
        7.752504825592041,
        6.298622131347656,
        5.607611656188965,
        5.173692226409912,
        4.588379383087158,
        4.294466495513916,
        4.10398530960083,
        4.016172409057617,
        3.957439422607422,
        3.639735460281372,
        3.393665075302124,
        3.2009942531585693,
        3.2075960636138916,
        3.0683062076568604,
        2.873814821243286,
        2.8484256267547607,
        2.8396353721618652,
        2.6680169105529785,
        2.9221444129943848,
        2.5702340602874756,
        2.559877872467041,
        2.5059993267059326,
        2.9555420875549316,
        2.3205137252807617,
        2.37898588180542,
        2.2671706676483154,
        2.4828782081604004
    ]
}