{
    "loss": [
        6.14628791809082,
        5.002047061920166,
        4.639649868011475,
        4.794325828552246,
        5.159519195556641,
        4.124461650848389,
        3.9721593856811523,
        3.9324474334716797,
        3.7611405849456787,
        3.914788246154785,
        3.7067618370056152,
        3.545966386795044,
        4.109981060028076,
        3.5016653537750244,
        3.5023372173309326,
        3.391714096069336,
        3.3212692737579346,
        3.4424185752868652,
        4.7310590744018555,
        3.7439839839935303,
        3.5978946685791016,
        3.357391357421875,
        3.1235573291778564,
        3.1781136989593506,
        3.376131057739258,
        3.3145370483398438,
        3.330380916595459,
        3.0829880237579346,
        2.937864303588867,
        2.985119342803955
    ],
    "val_loss": [
        3.8524129390716553,
        3.713606119155884,
        3.7931711673736572,
        4.112891674041748,
        3.616344451904297,
        3.4354820251464844,
        3.380268096923828,
        3.4560134410858154,
        3.323408365249634,
        3.4994733333587646,
        3.2727513313293457,
        3.2940590381622314,
        3.323269844055176,
        3.266587972640991,
        3.356027841567993,
        3.163494825363159,
        3.2802224159240723,
        3.332092761993408,
        3.7142317295074463,
        5.1964287757873535,
        3.239614725112915,
        3.3802759647369385,
        3.2137463092803955,
        3.2958226203918457,
        3.490994930267334,
        3.231593132019043,
        3.361414670944214,
        3.1701736450195312,
        3.1141650676727295,
        3.151036262512207
    ]
}